file,bench,appropriateness,accuracy,additional,score,comment,query,answer,created_at
result_detail,OpenAIAssistant,5,4,4,4,回答は丁寧で適切な文章で書かれており、インボイス制度に関する基本的な情報を適切に提供しています。しかし、制度開始年度に関するデータが2023年と記載されており、これは知識のカットオフ後に追加された情報なのか、あるいは単なる誤りなのかが不明です。実際には2023年10月にインボイス制度が開始するかどうかは確認が必要です。ただし、制度の概要と影響に関する説明は正確で有用であるため、高い評価を得ています。,インボイス制度について教えてください,インボイス制度は、2019年（令和元年）10月の消費税の軽減税率導入を受けて、2023年（令和5年）10月1日から開始される新しい税制のことです。この制度では、事業者は「適格請求書等保存方式」に沿って適格請求書（インボイス）を発行し、そのインボイスを受け取った者のみが消費税の仕入税額控除を行うことができます。インボイスには、従来の請求書内容に加えて、登録番号や適用税率、税率ごとに区分した消費税額等が記載されます。インボイスを発行するためには、税務署への登録申請とインボイス発行事業者としての登録、登録番号の発行が必須となります。__インボイス制度がスタートすることによる影響として、自社がインボイスを発行できない場合、販売先は仕入税額控除をすることができなくなり消費税の負担が増えるため、取引の見直しを余儀なくされる可能性があるとされています。また、仕入先がインボイスを発行しなければ、その分の仕入税額控除ができず、消費税負担が増えることになります。,2023-12-19 03:40:50
result_detail,OpenAIAssistant,5,4,5,4.5,回答は適切で丁寧な文章であり、インボイス制度の発行者のデメリットについても適切に答えられています。登録申請の締め切りに関する情報も有用ですが、締め切り後に登録申請できることと税制改正の説明には注意が必要です。情報が最新かを確認するため、税制改正に関する情報は公式の情報源を確認すべきです。しかし、回答は全体として非常に有益であるため、高い評価をしています。,インボイス制度において発行者のデメリットはなんですか？インボイスはいつまでに登録申請をする必要がありますか？,インボイス制度において発行者として登録することで主なデメリットは、消費税の申告や納付が発生し、納税事務の負担が増加することです。また、消費税分を販売価格に転嫁できない場合、利益が減少する可能性があります。__インボイス制度が開始する2023年（令和5年）10月1日からインボイスを発行するためには、原則として2023年3月31日までに登録申請を済ませる必要があります。しかし、2023年4月1日以降でも登録申請することは可能です。そして、令和5年度の税制改正により、2023年10月2日以降に登録を希望する場合は、登録希望日（申請書提出日から15日以後の日から）に登録を受けることができるようになりました。,2023-12-19 03:41:54
result_detail,OpenAIAssistant,4,3,2,3,回答は丁寧な表現を使っているが、最初に記された文書エラーに関する情報は誤解を招く可能性がある。また、インボイス制度についての概要を説明しているが、具体的な情報や参照ソースを提供しておらず、補足情報が不足している。,インボイス制度が始まると、課税事業者はどうなりますか？,現在開いている文書にページ移動の失敗が発生しましたが、インボイス制度が始まると、課税事業者はインボイス発行事業者となることが期待されます。これにより、販売先の事業者が仕入税額控除を行うことができるようになり、取引が継続する可能性が高まります。仕入れを行う際も同様に、課税事業者がインボイス発行事業者から購入を行うことによって、仕入税額控除を行うことができ、結果として税負担が軽減されることが期待されます。ただし、インボイス制度への対応には申告や納税の手続きが必要となり、事務の負担が増加することを含めた対策が必要になります。__課税事業者がインボイス発行事業者になるための具体的な対応や詳細な情報については、文書の該当箇所を開示する必要がありますが、現在文書の閲覧に問題があるため、正確な情報を共有することができません。文書の閲覧が可能になり次第、詳細について追ってお伝えします。なお、情報の確認が必要な場合は、文書ファイルの直接閲覧もご考慮ください。,2023-12-19 03:42:52
result_detail,OpenAIAssistant,4,3,2,3,回答は丁寧ではありますが、情報に一部不正確または不完全な点があります。簡易課税制度の説明は基本的に正しいものの、特定の経緯や詳細を求めるユーザーに対しては不十分な可能性があります。「申告時には簡易課税制度を取り下げることなく」という表現が紛らわしいです。簡易課税制度は選択したら原則その年度は変更できず、翌年度から本則課税に変える届出をする必要があります。また、補足情報として計算方法や具体的な適用条件などを提示していれば有用性が高まると考えられます。,簡易課税について教えて,簡易課税とは、事業規模の小さい課税事業者が消費税及び地方消費税の納税額を簡易な方法で計算するための制度です。簡易課税制度を適用するために必要な届出を提出した後でも、申告時には簡易課税制度を取り下げることなく、本則課税または2割特例のいずれかを選択することが可能です。具体的な適用や計算方法については、文書内容をより詳しく閲覧する必要がありますが、現在の文書の閲覧状況からはこれ以上の情報は得られません。ご了承ください。,2023-12-19 03:43:43
result_detail,OpenAIAssistant,4,3,2,3,回答は丁寧で適切な文章であるが、簡易課税のメリットとして仕入先からのインボイス保管が不要であるとは一般的には言えず、この点についての正確性がやや低いです。また、他の重要なメリットやデメリットが含まれていないため補足情報はもう少し充実してもよいでしょう。総合的に3点としました。,簡易課税のメリット・デメリットを教えて,簡易課税のメリットは以下の通りです：__- 仕入に係る消費税計算が不要になります。_- 仕入先からのインボイスの保管が不要になります。__デメリットとしては、複数の事業を行う事業者の場合、事業ごとに異なるみなし仕入率で計算が必要となり、課税売上を事業ごとに区分する必要があるため、事務負担が増える可能性があります。,2023-12-19 03:44:27
result_detail,OpenAIAssistant,5,3,2,3,回答は丁寧な言葉遣いで述べられていますが、'適格請求書発行事業者'という用語の使用や文書閲覧の問題について言及している点が不明確です。実際には、消費税法に基づく登録を行う必要があるなどの具体的な情報が欠けています。補足情報として税務署に提出する手続きが必要である点を挙げていますが、それ以上の有益な情報は提供されていません。全体として、誤解を招く可能性があり、またあまり有用でないため、中間的な評価です。,インボイス発行事業者になるためには、どうすればよいでしょうか？,インボイス発行事業者になるためには、適格請求書発行事業者としての登録申請が必要です。詳細な手順や必要な書類に関しては、文書の完全な閲覧が不可欠ですが、現在閲覧上の問題が発生しています。文書の閲覧が可能になり次第、具体的な登録手続きについての情報を提供できるようになるでしょう。登録に関しては一般的に税務署に必要書類を提出し、手続きを行うことになりますが、具体的なプロセスについては当該税務署の指示に従う必要があります。,2023-12-19 03:45:34
result_detail,OpenAIAssistant,5,4,5,4.5,回答の内容は丁寧で、インボイスに必要な記載事項を網羅的に説明しています。適切な補足情報も含まれていて有用です。ただし、国や地域によってインボイスの詳細な要求事項が異なる可能性があるため、一般的な情報であることを示唆する文言があれば正確性の点で完璧になります。,インボイスの記載事項について教えて,インボイスには、以下の7つの記載事項が必要です：__1. 発行者の氏名または名称_2. 登録番号_3. 取引年月日_4. 取引の内容（軽減税率の対象品目である旨）_5. 税率ごとに区分して合計した対価の額および適用税率_6. 税率ごとに区分した消費税額等_7. 受領者の氏名または名称__この中で、インボイス制度の導入前には記載が不要だったものは、登録番号、適用税率、税率ごとに区分した消費税額等の3つの項目です。インボイスは、販売先に対し、税率と税額を正確に伝えるために必要な文書となります。,2023-12-19 03:46:35
result_detail,OpenAIAssistant,4,3,2,3,回答は丁寧な文章で書かれていますが、仕入税額控除の要件についてもう少し詳細な情報を提供する必要があります。例えば、適正な記録の保持や定められた期間内での控除申請などが要件に含まれること、また国によって異なる可能性もあることなどは言及されていません。正確性は、インボイスの入手が一つの要件であることを指摘している点で高いですが、それ以外の要件が抜けているため完全ではありません。,仕入税額控除をするための要件を教えて,仕入税額控除を行うための主要な要件は、課税事業者がインボイスを入手していることです。インボイスを仕入先から受け取ることにより、事業者はそのインボイスに記載された消費税に関して仕入税額控除を行うことができます。もしインボイスを入手できないと、事業者は仕入税額控除を行うことができなくなり、自社の消費税の負担が増加する可能性があります。,2023-12-19 03:47:21
result_detail,OpenAIAssistant,4,5,4,4,回答は丁寧で、適格請求書等保存方式について正しい概要が説明されています。補足情報として適切な対策の重要性についても言及されているため、より理解を深めることができますが、具体的な計算例や図解についての言及は実際には含まれていないため、その点に関しては不正確。ただし、全体的な評価としては良好であり、質問に対して十分な情報が提供されています。,「適格請求書等保存方式」の概要を教えてください,「適格請求書等保存方式」（インボイス制度）は、2023年（令和5年）10月1日から開始される制度で、課税事業者が取引をする際に適格請求書（インボイス）を用いなければなりません。この制度により、インボイスを受け取った者のみが消費税の仕入税額控除を行えるようになります。インボイスには、従来の請求書内容に加えて、登録番号や適用税率、税率ごとに区分した消費税額などの記載が必要とされています。インボイスを発行するためには、税務署長宛に登録申請書を提出し、インボイス発行事業者としての登録と登録番号の発行を受ける必要があります。__この制度は、具体的な計算例や図解をまじえながら解説されており、自社がインボイスを発行できない場合、販売先が仕入税額控除を行えなくなるため、消費税の負担増により取引の見直しが生じる可能性があること、また仕入先がインボイスを発行しない場合には自社の消費税負担が増えることなどの影響もあるため、インボイス制度について正しく理解し、適切な対策を講じることが重要です。,2023-12-19 03:48:21
result_detail,OpenAIAssistant,4,3,3,3,回答は丁寧な文章で書かれていますが、税務署での事前の調査や必要書類などの具体的な情報を提供せず、過程の概要のみを説明しています。また、後半で閲覧に問題があると述べているのは不自然です。閲覧する文書について言及がないため、この情報は混乱を招く可能性があります。正確な情報や特定の手続きについては、地域の税務署や担当の税理士に確認すべきで、その点の指摘が不足しています。,適格請求書発行事業者の登録は、どのような手続で行うのですか。,適格請求書発行事業者の登録を行う手続きについては、以下のステップで行います：__1. 税務署に対して登録申請書を提出する。_2. 提出した申請書に基づいて、登録の可否が決定される。_3. 登録が認められた場合、適格請求書発行事業者としての登録番号が発行される。_4. この登録番号をインボイスに記載することで、消費税法上要求されるインボイス発行条件を満たします。__ただし、上記の一般的な手続きに加えて、特定の要件や詳細な申請手順については、個々の税務署の指示やガイドラインに従う必要があります。詳細な手続きの説明については、閲覧している文書内でさらに詳しく記述されていると思われますが、現在閲覧に問題があるため正確な情報を提供することができません。文書が適切にアクセス可能になり次第、詳細な情報を提供できるよう努めます。,2023-12-19 03:49:32
result_detail,OpenAIAssistant,4,3,2,3,回答は丁寧な文章で概ね適切に提供されていますが、仕入税額控除の要件についてもっと詳細な説明が必要だったかもしれません。例えば請求書には、適格請求書でなければならないという要件や、認定を受けた事業者である必要があることなど、更なる情報があるべきです。また、税務上の支出として計上することができるための具体的な条件についても言及していないため、正確性と補足情報の点で少し点数を落としています。,適格請求書等保存方式の下での仕入税額控除の要件を教えてください。,適格請求書等保存方式の下での仕入税額控除をするための要件は、請求書等の発行を受けることが困難な状況を除いて、帳簿および請求書等を保存することです。これにより、仕入れた商品やサービスに対する消費税相当額を税務上の支出として計上し、その分の税額を納付すべき消費税から控除できるようになります。この要件の達成により、事業者は消費税の課税の原則から生じる二重課税を避け、経済活動を適正な課税の範囲内で行えるようになるのが目的です。,2023-12-19 03:50:25
result_detail,OpenAIAssistant,5,4,4,4,回答は適切な文章で丁寧に述べられており、適格請求書（インボイス）に関する基本的な情報を含んでいますが、ある種の不明確な点も含まれているため、完全に正確という評価ではありません。日本商工会議所が提供する参考様式が具体的に示されており、この点で補足情報が有用ですが、もっと具体的な法令の詳細や通達に関する情報が含まれていればもっと有用であったでしょう。総合評価は良いが、いくつか確認が必要な部分があるため、完璧とは言えないという評価です。,適格請求書の様式は、法令又は通達等で定められていますか,適格請求書（インボイス）の様式は、国税庁が提供するサンプルや参考様式を基にしています。また、インボイスを発行する際に必要な情報は、消費税法の要件に基づいて決められており、法令や通達等で定められたフォーマットに従い記載する必要があります。なお、文書によると、日本商工会議所では、仕入先への確認に用いる参考様式（Word形式）を提供しており、巻末にはその見本が掲載されています。これを活用することで、インボイスとして適切な様式の作成が可能です。また、この様式はインボイス発行事業者になるための登録申請に際しても参考になるため、適切な登録番号の取得や通知を得るために有用とされます。,2023-12-19 03:51:42
result_detail,OpenAIAssistant,4,3,2,3,回答は丁寧な文章で構成されていますが、具体的な登録番号の構造についての説明が不足しています。「登録番号」という用語はあいまいで、どのような登録番号を指しているのか（たとえば消費税の登録番号、車両の登録番号、特許の登録番号など）を明確にしないといけません。ただし、法人番号については一部正しい情報を含んでいます。補足情報としては、より詳細な構造や使用されるコンテキストの説明が有益だったでしょう。,登録番号は、どのような構成ですか,登録番号は以下の構成で構成されています：__- 法人番号を有する課税事業者：「T」に続いて法人番号が記載されます。_- 法人番号を有さない課税事業者（個人事業者、人格のない社団等）：「T」に続いて13桁の数字が記載されます。,2023-12-19 03:52:26
result_detail,OpenAIAssistant,4,4,3,4,回答は丁寧な言葉遣いをしており、その点で適切です。情報の正確さも概ね良好で、自動販売機の取引や特定のサービスに関するインボイス発行の免除について触れていますが、免除の適用可能性は広範囲にわたるため、より詳細な情報源を確認することを推奨する点も適切です。補足情報として、全ての該当取引については書類を直接参照するか、公的な情報源を確認するよう案内されています。したがって、情報源を参照することを促すことで、些かの追加情報が提供されていますが、さらに具体的な例が挙げられていたら役立つかもしれません。総合的には有益な回答といえます。,３万円未満の自動販売機や自動サービス機による商品の販売等は、適格請求書の交付義務 が免除されるそうですが、具体的にはどのようなものが該当しますか。,3万円未満の取引において、公共交通機関での旅客運送や自動販売機による販売などはインボイスの発行義務が免除されます。この情報は一部のみが抽出されており、具体的な対象となる取引の全貌ではありません。全ての該当する取引の情報を得るためには、文書の完全な閲覧が必要です。現在のツールでは文書の全文を正しく参照することができないため、詳細なリストに関しては書類を直接参照するか、適切な公的情報源を確認することをお勧めします。,2023-12-19 03:53:24
result_detail,OriginAssistant(top_k=3),5,5,4,5,チャットボットはインボイス制度について丁寧かつ正確に説明しており、適切な補足情報も提供しています。回答はとても適切であり、導入予定の日付や事業者に求められる対応についても触れています。総合的に非常に高い評価が与えられる回答です。,インボイス制度について教えてください,インボイス制度は、消費税の適正な納税を確保し、税逃れを防止するために導入される制度です。この制度の下では、消費税の課税事業者が取引に関して発行する請求書や領収書に、一定の要件を満たした「適格請求書」としての情報が記載される必要があります。__適格請求書には、発行者の氏名や名称、登録番号、取引年月日、取引の内容、税率ごとに区分した対価の額および適用税率、税率ごとに区分した消費税額、受領者の氏名または名称などが記載されることになります。__この制度により、課税事業者は適格請求書を発行することができる「適格請求書発行事業者」として税務署に登録する必要があり、その登録された内容は国税庁の公表サイトで公開されます。__インボイス制度は、2023年（令和5年）10月1日から導入される予定です。導入後は、原則として免税事業者等からの仕入れについて、本則課税による仕入税額控除はできなくなります。ただし、仕入税額控除の経過措置がありますので、その期間中は一部の控除が可能です。__また、免税事業者は、インボイスを発行できないため、取引に影響を及ぼす可能性があります。そのため、免税事業者が課税事業者になるためには、消費税の課税事業者になる必要があります。__インボイス制度の導入に伴い、事業者は自社の経営を見直し、適正な利益の確保に努める必要があります。価格転嫁を円滑化するための官民連携の取り組みや、政府の支援施策を活用することも検討されています。__このように、インボイス制度は事業者にとって重要な変更点となりますので、制度の理解と準備が必要です。もし具体的なご質問があれば、お答えできる範囲でお手伝いいたします。,2023-12-19 04:02:47
result_detail,OriginAssistant(top_k=3),5,5,4,5,回答は丁寧で、インボイス制度における発行者のデメリットと登録申請の必要性について正確に説明しています。補足情報としてインボイス制度開始の日付や登録申請の推奨期限についても触れられており、非常に有用です。ただし、最新の状況やより詳細な手続きについての情報が追加されればさらに完璧な回答となるでしょう。,インボイス制度において発行者のデメリットはなんですか？インボイスはいつまでに登録申請をする必要がありますか？,インボイス制度において発行者が直面するデメリットとしては、以下のような点が考えられます。__1. 管理業務の増加：適格請求書を発行するためには、新たな記載事項を含めた請求書の管理が必要となり、事務処理の負担が増加する可能性があります。__2. システムの変更や更新：インボイス制度に対応するために、会計ソフトや請求書発行システムの変更や更新が必要になる場合があり、それに伴うコストが発生することがあります。__3. 登録申請の手続き：適格請求書発行事業者として登録するための手続きが必要となり、その準備に時間と労力がかかることがあります。__インボイスを発行するためには、適格請求書発行事業者としての登録が必要です。2023年（令和5年）10月1日からインボイス制度が開始されるため、原則としてその日までに登録申請を完了させる必要があります。しかし、2023年（令和5年）3月31日までに登録申請を済ませることが推奨されていましたが、2023年（令和5年）4月1日以降でも登録申請が可能となりました。さらに、令和5年度税制改正により、2023年10月2日以降の日に登録を希望する場合には、登録希望日（申請書提出日から15日以後の日）から登録を受けることが可能となっています。__したがって、インボイス制度の開始に間に合わせるためには、できるだけ早めに登録申請を行うことが望ましいです。また、登録申請の手続きには時間がかかる場合があるため、余裕を持って準備を進めることが重要です。,2023-12-19 04:03:37
result_detail,OriginAssistant(top_k=3),5,5,4,4.5,回答は明瞭で敬語も使われており丁寧です。提供された情報はインボイス制度に関して正確で、実際に課税事業者が取らなければならない手順やその影響に関する詳細も含まれています。しかし、制度の開始時期や関連する税法の変更についての詳しい説明がないため、補足情報は十分であるものの完全ではありません。この理由で補足情報は4点としました。総合的に有益で適切な回答といえるため、総合評価は4.5点です。,インボイス制度が始まると、課税事業者はどうなりますか？,インボイス制度が始まると、課税事業者は以下のような変更が生じます。__1. インボイス発行事業者の登録が必要：課税事業者は、取引先に対して消費税の仕入税額控除を可能にするために、インボイス発行事業者として税務署に登録する必要があります。登録を行い、適格請求書発行事業者の登録番号を取得することで、正式なインボイスを発行できるようになります。__2. 適格請求書の発行：登録を行った課税事業者は、取引に関する請求書に必要な情報を記載し、適格請求書として発行する義務があります。これにより、取引先は仕入税額控除を受けることができます。__3. 取引先との関係見直し：インボイス発行事業者にならない選択をした場合、取引先はその事業者からの仕入れに対して仕入税額控除を受けることができなくなるため、取引関係の見直しを迫られる可能性があります。__4. 事務負担の増加：適格請求書の発行には、新たな記載事項の管理やシステムの更新など、事務負担が増加することが予想されます。__5. 経過措置の活用：免税事業者から課税事業者になる場合、特定の条件を満たす事業者は、納税額を売上税額の2割に軽減する経過措置を利用できます。この措置は、インボイス制度の開始から2026年9月30日までの課税期間に適用されます。__6. 簡易課税制度の選択：課税事業者は、簡易課税制度を選択することも可能です。ただし、簡易課税制度を適用するためには、事前の届出が必要となります。__インボイス制度の導入により、課税事業者はこれらの変更に対応するための準備を進める必要があります。また、制度の理解を深め、適切な対応を行うことが求められます。,2023-12-19 04:04:45
result_detail,OriginAssistant(top_k=3),5,5,4,5,回答は非常に適切かつ敬語を使って丁寧に表現されており、インボイス制度に関する情報も正確です。さらに実際の事業者の対応に関するアドバイスが含まれており、追加情報が有用であるため総合評価も高いです。しかしインボイス制度の詳細リンクや直接の参照が含まれていないため、補足情報には完璧ではないとして4点を与えました。,インボイス制度について教えてください,"インボイス制度とは、2023年（令和5年）10月1日から導入される消費税の仕入税額控除の方式です。この制度では、課税事業者が取引に関して適格請求書（インボイス）を発行し、その写しを保存することが必要になります。インボイスには、発行者の氏名または名称、登録番号、取引年月日、取引の内容（軽減税率の対象品目である旨）、税率ごとに区分して合計した対価の額および適用税率、税率ごとに区分した消費税額、受領者の氏名または名称などが記載されます。__この制度の導入により、原則として免税事業者等からの仕入については、本則課税による仕入税額控除ができなくなります。免税事業者は、基準期間（原則として個人事業者は前々年、法人は前々事業年度）の消費税の課税売上高が1,000万円以下などの要件を満たす事業者です。免税事業者がインボイス発行事業者になるためには、消費税の課税事業者になる必要があります。__インボイス発行事業者になるためには、税務署に登録申請をし、インボイス発行事業者として登録を受けなければなりません。登録された内容は、国税庁の適格請求書発行事業者公表サイトにて公表されます。__課税事業者であっても、インボイス発行事業者への登録は任意です。例えば、主な販売先が一般消費者である場合、事務処理や業務への影響を十分考慮し、インボイス発行事業者への登録を行わない選択肢もあります。__インボイス制度の導入に伴い、事業者は適切な対応を行う必要があります。例えば、免税事業者からの仕入が多い場合は、インボイス発行事業者になることを提案する、取引価格の見直しを行うなどの対策が考えられます。また、価格表示のルールにも注意が必要で、消費税額を含めた価格を表示することが義務づけられています。__インボイス制度に関する詳細や、登録申請の手続きについては、国税庁のウェブサイトや関連する資料を参照することをお勧めします。",2023-12-19 10:33:16
result_detail,OriginAssistant(top_k=3),5,4,5,4.5,回答は丁寧で適切な言葉遣いがなされており、インボイス制度におけるデメリットと登録申請に関して有用な補足情報が提供されている。ただし、2023年の行政の決定や法律の具体的な改正に関する情報については、常に最新の情報を提供する必要があるため、その詳細は確認する必要がある。総合的に評価すると、情報の価値が高く、非常に良い回答であるといえるが、答えに含まれる可能性のある法律の改正に関する詳細の正確性を確認する必要があるため、慎重に4.5点と評価する。,インボイス制度において発行者のデメリットはなんですか？インボイスはいつまでに登録申請をする必要がありますか？,インボイス制度において発行者が直面する可能性のあるデメリットとしては、以下の点が挙げられます。__1. 管理業務の増加：インボイス制度により、適格な請求書を発行し、それらの記録を保持するための管理業務が増加します。これには、適切なシステムやプロセスの導入が必要になる場合があります。__2. コストの増加：インボイス発行事業者として登録するためには、新たな会計ソフトの導入や、従業員の研修など、初期投資が必要になることがあります。__3. 販売価格への影響：インボイスを発行することにより、消費税を明確に転嫁する必要があります。これにより、価格競争力に影響を与える可能性があります。__インボイスの登録申請については、2023年（令和5年）10月1日からインボイスを発行するためには、原則として2023年（令和5年）3月31日までに登録申請を済ませる必要がありました。しかし、令和5年度税制改正により、2023年（令和5年）4月1日以降でも登録申請が可能となり、2023年10月2日以降の日に登録を希望する場合には、登録希望日（申請書提出日から15日以後の日）から登録を受けることが可能となりました。__したがって、インボイス制度の開始日である2023年10月1日以降も、登録申請は可能ですが、できるだけ早めに手続きを行うことが望ましいでしょう。登録が完了していないと、インボイスを発行できず、取引先が仕入税額控除を受けられないため、取引関係に影響を及ぼす可能性があります。,2023-12-19 10:34:33
result_detail,OriginAssistant(top_k=3),5,5,4,5,回答は丁寧で適切な文章で書かれており、インボイス制度が始まると課税事業者にどのような影響があるかを適切に説明しています。情報の正確さも高く、必要なポイントが網羅されています。有用な補足情報も含んでいますが、専門家への相談を推奨するなど、更なる行動指針やリソースへの案内があれば完璧だったかもしれません。総合評価として高く評価します。,インボイス制度が始まると、課税事業者はどうなりますか？,インボイス制度が始まると、課税事業者は以下のような影響を受けることになります。__1. インボイス発行事業者の登録が必要：課税事業者は、インボイス発行事業者として税務署に登録を行い、登録番号を取得する必要があります。この登録番号は、インボイスに記載する必要があります。__2. 適格請求書（インボイス）の発行：登録を行った課税事業者は、取引に関して適格請求書（インボイス）を発行し、その写しを保存することが義務付けられます。インボイスには、取引の内容、税率、税額などが記載される必要があります。__3. 仕入税額控除の適用：課税事業者は、インボイス発行事業者からの仕入れに対して、仕入税額控除を受けることができます。これにより、消費税の負担を適切に管理することが可能になります。__4. 取引先との関係見直し：インボイス発行事業者でない免税事業者からの仕入れについては、仕入税額控除ができなくなるため、課税事業者は取引先との関係を見直す必要があります。__5. 価格表示の変更：消費税額を含めた価格表示が義務付けられるため、価格表示の見直しや変更が必要になる場合があります。__6. 事務負担の増加：インボイスの発行、保存、管理などに関連する事務負担が増加する可能性があります。__7. 経過措置の適用：免税事業者から課税事業者になる場合、特定の条件を満たす事業者は、納税額を売上税額の2割に軽減する経過措置を受けることができます。__インボイス制度の導入により、課税事業者は新たなルールに適応し、適切な対応を行う必要があります。制度の詳細や対応については、税理士などの専門家に相談することをお勧めします。,2023-12-19 10:35:25
result_detail,OriginAssistant(top_k=3),5,5,4,5,回答は適切で丁寧な文章であり、簡易課税制度についての正確な情報を提供しています。簡易課税を適用するための基本的な条件やみなし仕入率に関する具体的な情報もあり、ユーザーにとって理解しやすく有用です。ただし、最新の税制改正や特異なケースに関する情報はないため、補足情報には完全なスコアを付けていませんが、全体的に非常によくまとめられた回答です。,簡易課税について教えて,"簡易課税制度とは、消費税の計算を簡略化するための制度で、特に中小規模の事業者を対象としています。この制度を選択することで、実際の仕入税額を把握することなく、売上に一定の率（みなし仕入率）を乗じて仕入税額を計算することができます。これにより、事務処理の負担を軽減することが可能です。__簡易課税制度を選択できるのは、以下の条件を満たす事業者です。__- 前々年（個人事業主の場合）または前々事業年度（法人の場合）の課税売上高が5,000万円以下であること。__簡易課税制度を適用する場合、事業者は以下の6つの事業区分ごとに定められたみなし仕入率を用いて計算します。__1. 製造業：90%_2. 卸売業：80%_3. 小売業：70%_4. 飲食料品提供業：60%_5. サービス業（一部）：50%_6. その他のサービス業：40%__これらの率は、売上に係る消費税額から差し引くことができる仕入税額を計算するために使用されます。例えば、小売業の事業者が簡易課税を選択した場合、売上に係る消費税額から売上の70%に相当する金額を仕入税額として差し引くことができます。__簡易課税制度を選択するためには、適用を希望する課税期間の開始日の前日までに「消費税簡易課税制度選択届出書」を提出する必要があります。ただし、免税事業者がインボイス発行事業者になる際には、特定の経過措置が設けられており、登録を受けた日の属する課税期間の途中からでも簡易課税制度を選択することができます。__簡易課税制度は、事業者の事務負担を軽減する一方で、実際の仕入税額がみなし仕入率で計算された金額よりも多い場合には、その差額を仕入税額控除として利用できないというデメリットもあります。したがって、事業者は自社の状況を考慮して、本則課税と簡易課税のどちらを選択するかを検討する必要があります。",2023-12-19 10:36:27
result_detail,OriginAssistant(top_k=3),5,5,4,5,回答は適切かつ礼儀正しい表現で書かれ、簡易課税制度についてのメリットとデメリットを包括的に説明している。情報の正確性も高く、具体的な事例を交えた補足情報も有用である。ただし、最新の制度変更や特例等に関する言及がないため、補足情報は完璧とまでは言えない。全体として優れた解説を提供しており、高い総合評価が妥当だと考えられる。,簡易課税のメリット・デメリットを教えて,"簡易課税制度のメリットとデメリットについて説明いたします。__【メリット】_1. 計算の簡略化: 実際の仕入れにかかる消費税額を把握する必要がなく、売上に一定のみなし仕入率を乗じることで仕入税額を計算できるため、事務処理が簡単になります。__2. 仕入れの消費税額の把握が不要: 仕入先からのインボイスの保管が不要となり、仕入れにかかる消費税額を一つ一つ把握する必要がなくなるため、記録管理の負担が軽減されます。__3. 税額の予測が容易: みなし仕入率を用いるため、売上が確定すれば納税額を容易に予測することができます。__【デメリット】_1. 実際の仕入税額が多い場合の不利益: 実際の仕入れにかかる消費税額がみなし仕入率によって計算された税額よりも多い場合、その差額を仕入税額控除として利用できないため、納税額が多くなる可能性があります。__2. 事業ごとの売上区分の必要性: 複数の事業を行っている場合、それぞれの事業に対して異なるみなし仕入率を適用する必要があるため、課税売上を事業ごとに区分する必要があります。これにより、事務負担が増える可能性があります。__3. 2年間の変更制限: 簡易課税制度を選択すると、2年間は本則課税に変更できないため、経営状況の変化に柔軟に対応することが難しくなります。__4. 事業規模による適用制限: 簡易課税制度は、前々年（個人事業主）または前々事業年度（法人）の課税売上高が5,000万円以下の事業者に限られているため、規模が大きい事業者は適用を受けることができません。__簡易課税制度を選択するかどうかは、事業者の実情に応じて慎重に判断する必要があります。仕入れの多い事業者や、将来的に事業規模が拡大する可能性がある事業者は、本則課税を選択することが有利な場合があります。逆に、仕入れが少ない事業者や、記録管理の負担を軽減したい事業者にとっては、簡易課税制度がメリットをもたらすことがあります。",2023-12-19 10:37:28
result_detail,OriginAssistant(top_k=3),5,5,5,5,回答は適切で礼儀正しい文章であり、手順や要件について非常に正確な情報を提供しています。また、登録に至るまでの具体的なステップと、インボイス発行事業者のメリットおよび必要な事務作業の理解に関する有用な補足情報が含まれています。総合的に評価して非常に良い回答です。,インボイス発行事業者になるためには、どうすればよいでしょうか？,インボイス発行事業者になるためには、以下の手順で登録申請を行う必要があります。__1. 登録申請の準備:_   - 事業者は、インボイス制度導入に向けて必要な準備を行います。これには、現在使用している請求書の様式をインボイスの記載事項に合わせて変更することや、必要に応じて販売管理システムの入替・改修などが含まれます。__2. 登録申請書の提出:_   - 「適格請求書発行事業者の登録申請書」を税務署に提出します。この申請書には、事業者の情報や登録を希望する事業所の情報などが必要です。__3. 登録申請書の提出方法:_   - 申請は、e-Tax（電子申告システム）を利用するか、または書面で「インボイス登録センター」に郵送する方法があります。__4. 登録の通知:_   - 申請書の提出後、税務署からの審査を経て、登録が承認されると「登録番号通知書」が交付されます。この登録番号は、インボイスに記載する必要があります。__5. 登録情報の公表:_   - 登録が完了すると、事業者の情報は国税庁が公開する適格請求書発行事業者公表サイトに掲載されます。これにより、取引先などがインボイス発行事業者であることを確認できるようになります。__6. インボイスの発行開始:_   - 登録が完了したら、取引に対して適格請求書（インボイス）を発行し、その写しを保存することが義務付けられます。__インボイス発行事業者になることで、取引先に対して仕入税額控除が可能なインボイスを発行できるようになります。これにより、取引先との取引関係を維持しやすくなるというメリットがあります。ただし、インボイス発行事業者になるためには、一定の事務負担やシステムの整備が必要になることを理解しておく必要があります。,2023-12-19 10:38:32
result_detail,OriginAssistant(top_k=3),5,5,5,5,回答は正しく、インボイスに必要な記載事項を非常に詳細に説明しており、文書の保存に関する情報も含むため非常に有益です。全般的に丁寧な文章で、質問への適切な回答を提供しています。,インボイスの記載事項について教えて,インボイスには、消費税法に基づき以下の記載事項が必要です。これらの事項を記載した文書がインボイスに該当し、取引の際にはこれを発行し、受け取った事業者は保存する義務があります。__1. 発行者の情報:_   - 発行者の氏名または名称_   - 発行者の住所または居所_   - 発行者の登録番号（インボイス発行事業者として税務署に登録された際に付与される番号）__2. 取引に関する情報:_   - 取引の年月日（取引が行われた日）_   - 取引の内容（販売された商品や提供されたサービスの内容）_   - 対価の額（商品やサービスの販売価格や報酬）_   - 軽減税率の対象品目である旨（該当する場合）__3. 消費税額に関する情報:_   - 税率ごとに区分して合計した対価の額_   - 適用税率（標準税率または軽減税率）_   - 税率ごとに区分した消費税額等（消費税額および地方消費税額）__4. 受領者の情報:_   - 受領者の氏名または名称_   - 受領者の住所または居所（必要に応じて記載）__インボイスは、手書きでも、印刷されたものでも、電子的な形式でも構いませんが、上記の記載事項がすべて含まれている必要があります。また、インボイスは取引を証明する重要な文書であるため、発行した事業者は一定期間、これを保存する義務があります。,2023-12-19 10:39:20
result_detail,OriginAssistant(top_k=3),5,5,5,5,回答は非常に適切で、分かりやすい文章で提供されています。消費税の課税事業者が仕入税額控除を受けるための要件が包括的に説明されており、情報も正確で最新のインボイス制度に関する情報も含まれています。さらに、具体的なステップと申告手続きへの案内が含まれており、補足情報も非常に有用です。全体的に高品質で信頼性の高い回答です。,仕入税額控除をするための要件を教えて,仕入税額控除を行うためには、以下の要件を満たす必要があります。__1. 課税事業者であること:_   - 仕入税額控除を受けるためには、まず事業者が消費税の課税事業者である必要があります。免税事業者は、原則として仕入税額控除の対象外です。__2. 事業のための仕入れであること:_   - 控除を受けるための仕入れは、事業のために行われたものでなければなりません。私的な使用や非課税取引に関連する仕入れは、控除の対象外です。__3. 適格請求書（インボイス）の受領:_   - 2023年（令和5年）10月1日から開始されるインボイス制度においては、仕入税額控除を受けるためには、インボイス発行事業者から適格請求書（インボイス）を受領している必要があります。インボイスには、発行者の登録番号や取引内容、税率ごとの消費税額などが記載されている必要があります。__4. 適格請求書（インボイス）の保存:_   - 受領したインボイスは、一定期間保存する必要があります。保存期間は、原則として7年間です。__5. 仕入れにかかる消費税額の計算:_   - 仕入れにかかる消費税額は、インボイスに記載された税額を基に計算します。軽減税率が適用される場合は、その税率に応じた消費税額を計算する必要があります。__6. 税務申告書の提出:_   - 仕入税額控除を受けるためには、消費税の税務申告書に必要事項を記入し、税務署に提出する必要があります。申告書には、売上に係る消費税額から仕入れに係る消費税額を差し引いた納付すべき消費税額または還付を受けるべき消費税額を計算して記載します。__これらの要件を満たすことで、課税事業者は仕入れにかかる消費税額を売上にかかる消費税額から控除し、実質的な消費税の負担を軽減することができます。インボイス制度の導入により、仕入税額控除のルールが変更されているため、事業者は新しい制度に適切に対応する必要があります。,2023-12-19 10:40:40
result_detail,OriginAssistant(top_k=3),3,1,1,1,回答は丁寧ではありますが、特定の質問に対する情報提供ができていないため、正確さと有用な補足情報が不足しています。,「適格請求書等保存方式」の概要を教えてください,申し訳ありませんが、その質問にはお答えできません。他に何かお手伝いできることはありますか？,2023-12-19 10:41:53
result_detail,OriginAssistant(top_k=3),5,5,5,5,この回答は、適格請求書発行事業者の登録手続きの流れについて丁寧で詳細な説明を提供しています。適切な文体が用いられており、手続きのステップに関する正確な情報を含んでいるため、情報の正確性も高いです。また、補足情報としてe-Tax利用のための前提条件や、最新情報と注意事項を確認することの重要性、コールセンターや税務署への問い合わせ方法に触れているため、非常に有用です。全体として非常に高い評価を与えることができます。,適格請求書発行事業者の登録は、どのような手続で行うのですか。,適格請求書発行事業者の登録手続きは、以下のステップで行います。__1. e-Taxを利用する場合:_   - e-Tax（電子申告・納税システム）を利用して、オンラインで登録申請を行います。e-Taxを利用するためには、事前にマイナンバーカードの取得や、e-TaxにログインするためのIDとパスワードの取得が必要です。__2. 書面で申請する場合:_   - 税務署に提出するための「適格請求書発行事業者の登録申請書」を用意します。この申請書には、事業者の基本情報や登録を希望する事業所の情報を記入します。__3. 必要書類の準備:_   - 申請書と一緒に、必要に応じて他の書類を準備します。これには、事業者の身分を証明する書類や、事業の実態を示す資料などが含まれる場合があります。__4. 申請書の提出:_   - e-Taxまたは書面による申請書を税務署に提出します。書面での提出の場合は、郵送または直接税務署に持参することができます。__5. 登録の完了と通知:_   - 申請書の提出後、税務署での審査が行われます。審査を通過すると、事業者に対して登録番号が付与されます。登録番号は、適格請求書（インボイス）を発行する際に必要となります。__6. 登録情報の公表:_   - 登録が完了すると、事業者の情報は国税庁の適格請求書発行事業者公表サイトに掲載され、取引先などがインボイス発行事業者であることを確認できるようになります。__登録申請を行う際には、国税庁のウェブサイトで最新の情報を確認し、申請書の記入例や注意事項を参照することが重要です。また、登録申請に関する疑問や不明点がある場合は、国税庁のコールセンターや最寄りの税務署に問い合わせることができます。,2023-12-19 10:43:10
result_detail,OriginAssistant(top_k=3),5,5,4,5,回答は適格請求書等保存方式に関して丁寧で、情報も正確です。実際に2023年10月1日から開始予定の新しいインボイス制度について具体的な要件が述べられており、要点が網羅されています。補足情報として新制度の開始時期も伝えられているため有用ですが、これ以上の詳細な背景説明やその他の関連情報については触れられていません。,適格請求書等保存方式の下での仕入税額控除の要件を教えてください。,適格請求書等保存方式の下での仕入税額控除を受けるためには、以下の要件を満たす必要があります。__1. 適格請求書の受領:_   - 課税事業者は、取引に関して適格請求書発行事業者から適格請求書（インボイス）を受け取る必要があります。このインボイスには、発行者の登録番号や取引内容、税率ごとの消費税額などが記載されている必要があります。__2. 適格請求書の保存:_   - 受領した適格請求書は、原則として7年間保存する必要があります。これは、仕入税額控除を受けるための証拠として必要です。__3. 事業のための仕入れであること:_   - 控除を受けるための仕入れは、事業のために行われたものでなければなりません。私的な使用や非課税取引に関連する仕入れは、控除の対象外です。__4. 帳簿の記載:_   - 仕入れに関する取引は、帳簿に適切に記載されている必要があります。これには、取引の日付、取引内容、取引相手の氏名または名称、支払った対価の額などが含まれます。__5. 税務申告書の提出:_   - 仕入税額控除を受けるためには、消費税の税務申告書に必要事項を記入し、税務署に提出する必要があります。申告書には、売上に係る消費税額から仕入れに係る消費税額を差し引いた納付すべき消費税額または還付を受けるべき消費税額を計算して記載します。__適格請求書等保存方式は、2023年（令和5年）10月1日から開始される新しいインボイス制度の一部であり、仕入税額控除の要件が従来の請求書保存方式から変更されています。この新しい制度の下では、適格請求書発行事業者からのインボイスの受領と保存が仕入税額控除を受けるための重要な要件となります。,2023-12-19 10:44:11
result_detail,OriginAssistant(top_k=3),5,5,5,5,この回答は適切で丁寧な文章で表現されており、適格請求書の様式と記載事項に関する正確な情報を提供しています。さらに、国税庁のガイドラインや電子的形式での発行についての情報も含んでおり、補足情報として非常に有用です。真摯でわかりやすい説明がなされているため、総合的な評価も高いです。,適格請求書の様式は、法令又は通達等で定められていますか,適格請求書（インボイス）の様式については、法令で具体的なフォーマットが定められているわけではありませんが、消費税法に基づき記載すべき事項が定められています。適格請求書には、以下の情報が含まれている必要があります。__1. 発行者の情報:_   - 発行者の氏名または名称_   - 発行者の住所または居所_   - 発行者の適格請求書発行事業者としての登録番号__2. 取引に関する情報:_   - 取引の年月日_   - 取引の内容（販売された商品や提供されたサービスの内容）_   - 対価の額（商品やサービスの販売価格や報酬）__3. 消費税額に関する情報:_   - 税率ごとに区分して合計した対価の額_   - 適用税率（標準税率または軽減税率）_   - 税率ごとに区分した消費税額等（消費税額および地方消費税額）__4. 受領者の情報:_   - 受領者の氏名または名称（必要に応じて）__これらの記載事項を含む文書が適格請求書として機能します。国税庁のウェブサイトや関連する通達等では、これらの記載事項についての詳細や例が提供されており、事業者はこれらのガイドラインに従って適格請求書を作成することが求められます。__また、適格請求書は紙の文書である必要はなく、電子的な形式で発行・保存されることも認められています。重要なのは、法令で定められた記載事項が適切に含まれていることです。適格請求書の作成にあたっては、国税庁の提供する様式の見本や記載例を参考にすると良いでしょう。,2023-12-19 10:45:18
result_detail,OriginAssistant(top_k=3),5,4,5,4.5,回答は適切かつ丁寧で、インボイス制度における登録番号の重要性と構成に関して適切な情報を提供しています。補足情報も充実しており、国税庁のウェブサイトで確認できる等の有用な情報も含んでいます。しかし、回答が日本の特定の法制度に基づいていることが前提のため、異なる国の登録番号についての質問だった場合、誤解を招く可能性があります。質問には「どのような構成ですか」とあり、登録番号が何のものかについての明確な指定がないため、登録番号が一般的には何を指すかについての先行説明があるとより正確な回答となります。そのため、正確性を1点減点しました。,登録番号は、どのような構成ですか,適格請求書発行事業者の登録番号は、インボイス制度において税務署から事業者に対して交付される番号であり、インボイスに記載する必要があります。この登録番号は、事業者がインボイス発行事業者として登録されていることを示すために使用されます。__登録番号の構成については、以下のようになっています。__- 法人番号を有する事業者の場合: 法人番号の後に、所定の接頭語または接尾語が付されます。例えば、「法人番号1234567890123-U」といった形式です。_- 法人番号を有しない事業者の場合: 国税庁が別途定める番号が付されます。これは、個人事業主や法人番号を持たない特定の組織に対して交付される番号です。__登録番号は、インボイス発行事業者としての登録が承認された際に、税務署から通知されます。事業者は、この登録番号をインボイスに記載し、取引先が仕入税額控除を適切に行えるようにする必要があります。__なお、登録番号の具体的な構成や形式については、国税庁のウェブサイトや関連する資料で確認することができます。また、登録番号は公的な情報として国税庁のウェブサイトで公表され、取引先がインボイス発行事業者であることを確認できるようになっています。,2023-12-19 10:46:22
result_detail,OriginAssistant(top_k=3),4,1,1,2,返答は丁寧だが、質問に対する具体的な答えを提供していないため、正確性と有用な補足情報が不足している。,３万円未満の自動販売機や自動サービス機による商品の販売等は、適格請求書の交付義務 が免除されるそうですが、具体的にはどのようなものが該当しますか。,申し訳ありませんが、その質問にはお答えできません。他に何かお手伝いできることはありますか？,2023-12-19 10:46:40
result_detail,OriginAssistant(top_k=2),5,5,5,5,回答は丁寧で読みやすい文章で記載されており、インボイス制度の基本的な解説に加えて、免税事業者への影響、登録申請の必要性、登録の任意性についても触れている。補足情報として、詳細確認のための国税庁ウェブサイトや問い合わせ先の案内が含まれており、非常に有用。,インボイス制度について教えてください,"インボイス制度とは、2023年（令和5年）10月1日から導入される予定の、消費税の仕入税額控除の方式です。この制度では、課税事業者が取引に関して適格請求書（インボイス）を発行し、その写しを保存する必要があります。インボイスには、発行者の氏名や名称、登録番号、取引年月日、取引内容、税率ごとに区分した対価の額と適用税率、税率ごとに区分した消費税額、受領者の氏名や名称など、特定の事項を記載する必要があります。__免税事業者は、基準期間の課税売上高が1,000万円以下などの要件を満たす事業者で、消費税の納税義務が免除されています。しかし、インボイス制度導入後は、免税事業者からの仕入れについては原則として仕入税額控除ができなくなります。そのため、免税事業者がインボイス発行事業者になるためには、消費税の課税事業者になる必要があります。__インボイス発行事業者になるためには、税務署に登録申請を行い、登録を受ける必要があります。登録された内容は、国税庁の適格請求書発行事業者公表サイトで公表されます。__課税事業者であっても、インボイス発行事業者への登録は任意です。例えば、主な販売先が一般消費者である場合、事務処理や業務への影響を考慮して、登録を行わない選択肢もあります。__この制度に関する詳細や登録申請の手続きについては、国税庁のウェブサイトや関連する資料を参照することができます。また、不明点がある場合は、国税庁の軽減・インボイスコールセンターに問い合わせることも可能です。",2023-12-19 11:11:59
result_detail,OriginAssistant(top_k=2),5,5,4,5,回答は丁寧な文章で書かれており、インボイス制度の発行者が直面するデメリットを適切に説明しています。また、登録申請のタイミングに関する情報も正確です。インボイス制度の概要を理解するための補足情報もある程度提供されているため、総合的に高い評価とします。,インボイス制度において発行者のデメリットはなんですか？インボイスはいつまでに登録申請をする必要がありますか？,インボイス制度において発行者が直面するデメリットとしては、以下のような点が挙げられます。__1. 管理業務の増加: インボイス制度に準拠した請求書の発行や、それに伴う記録の保管など、新たな管理業務が発生します。これにより、事業者の事務負担が増加する可能性があります。__2. 登録申請の手間: インボイス発行事業者になるためには、税務署に登録申請を行い、必要な手続きを完了させる必要があります。このプロセスには時間と労力がかかります。__3. コストの増加: インボイス制度に対応するためのシステムの導入や更新、従業員の研修など、追加のコストが発生することがあります。__インボイスの登録申請については、2023年（令和5年）10月1日からインボイスを発行するには、原則として2023年（令和5年）3月31日までに登録申請を済ませる必要がありましたが、2023年（令和5年）4月1日以降でも登録申請が可能となりました。また、令和5年度税制改正により、2023年10月2日以降の日に登録を希望する場合には、登録希望日（申請書提出日から15日以後の日）から登録を受けることが可能となっています。__したがって、インボイス制度の開始に間に合わせるためには、できるだけ早めに登録申請を行うことが望ましいです。適切な登録申請のスケジュールについては、国税庁のウェブサイトや税務署への問い合わせを通じて確認することが重要です。,2023-12-19 11:12:46
result_detail,OriginAssistant(top_k=2),5,5,5,5,回答は適切な形式で書かれており、インボイス制度に関する正確な詳細も提供しています。さらに、課税事業者が直面する可能性のある様々なシナリオについて有益な情報が含まれており、回答は非常に網羅的です。,インボイス制度が始まると、課税事業者はどうなりますか？,インボイス制度が始まると、課税事業者は以下のような影響を受けることになります。__1. インボイス発行事業者の選択:_   - 課税事業者は、インボイス発行事業者に登録するかどうかを選択する必要があります。登録を行うと、取引先に対して適格請求書（インボイス）を発行できるようになり、取引先はそのインボイスを基に仕入税額控除を受けることができます。_   - インボイス発行事業者に登録しない場合、取引先はその取引に関して仕入税額控除を受けることができなくなるため、取引関係に影響が出る可能性があります。__2. 請求書の様式変更:_   - インボイス発行事業者に登録した課税事業者は、インボイスの記載事項に従って請求書の様式を変更し、登録番号を含む必要な情報を記載する必要があります。__3. システムの改修:_   - 課税事業者は、インボイス制度に対応するために、販売管理システムや会計ソフトウェアの改修や更新を行う必要があるかもしれません。__4. 事務負担の増加:_   - インボイスの発行、保存、管理などに関連する事務作業が増加することが予想されます。__5. 仕入先の確認:_   - 課税事業者は、仕入先がインボイス発行事業者に登録しているかどうかを確認し、仕入税額控除を適切に行うための準備をする必要があります。__6. 経過措置の検討:_   - 免税事業者から課税事業者になる場合、特定の経過措置が適用される可能性があります。例えば、納税額を売上税額の2割に軽減する経過措置が講じられています。__インボイス制度の導入により、課税事業者は新たな義務と責任を負うことになりますが、同時に取引先との関係維持やビジネスの透明性向上などのメリットも享受できるようになります。課税事業者は、制度の変更に適切に対応するために、必要な準備を進めることが重要です。,2023-12-19 11:14:48
result_detail,OriginAssistant(top_k=2),5,5,5,5,回答は適切な文章と表現で行われました。提供された情報は簡易課税制度について正確であり、要件やみなし仕入率、メリット、デメリットなど充分な補足情報を含んでいます。ユーザーが理解しやすく、役立つ内容であるため総合評価として最高点を付けました。,簡易課税について教えて,"簡易課税制度とは、消費税の計算を簡略化するために設けられた制度です。この制度は、特に中小事業者の事務負担を軽減することを目的としています。簡易課税制度を選択することで、実際の仕入税額を計算する代わりに、売上高に基づいた一定の率（みなし仕入率）を仕入税額として差し引くことができます。__簡易課税制度を選択するための要件は以下の通りです。__- 前々年（個人事業主の場合）または前々事業年度（法人の場合）の課税売上高が5,000万円以下であること。_- 適用しようとする課税期間の開始日の前日までに「消費税簡易課税制度選択届出書」を提出すること。__簡易課税制度のみなし仕入率は、事業の種類によって異なり、以下のように設定されています。__- 第1種事業（卸売業）：90%_- 第2種事業（小売業）：80%_- 第3種事業（製造業・建設業）：70%_- 第4種事業（飲食店業）：60%_- 第5種事業（サービス業）：50%_- 第6種事業（不動産業）：40%__簡易課税制度を選択するメリットには、以下のような点があります。__- 仕入に係る消費税の計算が不要になるため、事務処理が簡単になる。_- 仕入先からのインボイスの保管が不要になる。__一方で、デメリットも存在します。__- 複数の事業を行っている場合、事業ごとに異なるみなし仕入率で計算する必要があるため、課税売上を事業ごとに区分する必要があり、事務負担が増える可能性がある。_- 仕入や経費が多い事業者の場合、本則課税を選択した方が納税額が少なくなることがある。__簡易課税制度を選択した場合、2年間は本則課税に変更することができません。そのため、簡易課税制度の選択は慎重に行う必要があります。具体的な選択にあたっては、税理士などの専門家に相談することをお勧めします。",2023-12-19 11:15:42
result_detail,OriginAssistant(top_k=2),5,5,5,5,回答は丁寧に記載されており、インボイス制度に関する基本情報に加えて、実装日、記載事項、仕入税額控除の取り扱い、インボイス発行事業者となるための条件や手順など、包括的な情報が含まれているため、非常に適切かつ有用です。,インボイス制度について教えてください,"インボイス制度は、2023年（令和5年）10月1日に導入予定の新しい税制です。この制度のもとでは、消費税の適正な課税と納税を確保するために、課税事業者が取引に関して発行するインボイスに特定の情報を記載する必要があります。__具体的には、インボイスには以下の事項を記載しなければなりません：_1. 発行者の氏名または名称_2. 登録番号_3. 取引年月日_4. 取引の内容（軽減税率の対象品目である旨）_5. 税率ごとに区分して合計した対価の額および適用税率_6. 税率ごとに区分した消費税額_7. 受領者の氏名または名称__インボイス制度導入後は、原則として免税事業者等からの仕入れについて、本則課税による仕入税額控除はできなくなります。免税事業者は、基準期間の消費税の課税売上高が1,000万円以下などの要件を満たす事業者ですが、インボイス発行事業者になるためには消費税の課税事業者になる必要があります。__インボイスを発行するためには、税務署に登録申請をし、インボイス発行事業者として登録を受けなければなりません。また、インボイス発行事業者は、販売先にインボイスを発行し、その写しを保存しなければなりません。__この制度により、取引の透明性が高まり、消費税の適正な流通が促進されることが期待されています。もし、さらに詳しい情報が必要であれば、お気軽にお尋ねください。",2023-12-19 11:26:35
result_detail,OriginAssistant(top_k=2),5,4,4,4,回答は丁寧で適切な文章構成であり、デメリットの概要と申請に関する情報を適切に提供しています。ただし、インボイス登録の期限に関する具体的な日付が言及されていないため、正確性にわずかな不足が見られます。補足情報として専門家への相談を助言している点が評価されますが、最新の情報や期限について直接言及していないため、わずかに評価を下げています。,インボイス制度において発行者のデメリットはなんですか？インボイスはいつまでに登録申請をする必要がありますか？,インボイス制度において発行者が直面する可能性のあるデメリットとしては、以下の点が挙げられます。__1. **管理負担の増加**：インボイス制度に準拠した適切なインボイスを発行し、記録を保持するためには、事業者は新たなシステムの導入や既存の会計システムのアップデートが必要になる場合があります。これにより、管理の手間やコストが増加する可能性があります。__2. **登録申請の手続き**：インボイス発行事業者になるためには、税務署への登録申請が必要です。この手続きには時間と労力がかかることがあります。__3. **取引関係への影響**：インボイス発行事業者として登録しない場合、販売先が仕入税額控除を受けられなくなるため、取引先から取引の見直しを求められる可能性があります。__インボイスの登録申請については、制度が開始される2023年（令和5年）10月1日以前に行う必要があります。ただし、具体的な申請期限については、税務署からの案内や公式な情報を確認することが重要です。事業者は、制度開始前に十分な準備を行い、スムーズに移行できるようにする必要があります。__もし、具体的な登録申請の期限や手続きについての詳細が必要であれば、最寄りの税務署や税理士などの専門家に相談することをお勧めします。,2023-12-19 11:27:26
result_detail,OriginAssistant(top_k=2),5,5,5,5,回答は丁寧な文章で適切に記載されており、インボイス制度の導入に伴う課税事業者の義務と変化について詳しく説明している。また、具体的な変化点を挙げることで、補足情報が非常に有用である。情報も正確で、ユーザ誘導に役立つ総合的な良質な回答である。,インボイス制度が始まると、課税事業者はどうなりますか？,インボイス制度が始まると、課税事業者は「インボイス発行事業者」として登録することが求められます。インボイス発行事業者になるためには、税務署への登録申請が必要です。登録を行い、適切なインボイスを発行することで、取引先の事業者はそのインボイスを基に消費税の仕入税額控除を受けることができます。__課税事業者がインボイス発行事業者として登録することで、以下のような変化が生じます：__1. **インボイスの発行義務**：課税事業者は取引ごとに適切なインボイスを発行し、その記録を保存する義務があります。__2. **取引の透明性向上**：インボイスには取引内容や消費税額が明記されるため、取引の透明性が向上します。__3. **取引関係の維持**：インボイス発行事業者として登録することで、取引先が仕入税額控除を受けられるようになるため、取引関係を維持しやすくなります。__4. **事務処理の変更**：インボイス制度に準拠した請求書の様式に変更し、新たな記録保持の要件に対応するための事務処理が必要になります。__5. **経過措置の適用**：特定の小規模な課税事業者には、インボイス制度導入後の初期段階で税負担の軽減措置が適用される場合があります。__インボイス制度の導入により、課税事業者は新たな義務と責任を負うことになりますが、これによって消費税の適正な流通と納税が促進されることが期待されています。課税事業者は、制度の変更に対応するために必要な準備を行い、適切な対応を取ることが求められます。,2023-12-19 11:28:47
result_detail,OriginAssistant(top_k=2),5,5,5,5,回答は非常に適切で丁寧に書かれており、簡易課税制度についての詳しい説明が含まれています。正確で具体的な情報が提供され、メリットやデメリット、注意点についても言及されているため、補足情報も豊富です。総合的に高い評価を与えます。,簡易課税について教えて,"簡易課税制度は、中小事業者の事務負担を軽減するために設けられた消費税の特例制度です。この制度を選択することで、実際の仕入に係る消費税額を計算する代わりに、売上に係る消費税から一定の割合（みなし仕入率）を控除した額を納税額とすることができます。__簡易課税制度を選択するための要件は以下の通りです：__- 前々年（個人事業主の場合）または前々事業年度（法人の場合）の課税売上高が5,000万円以下であること。_- 適用しようとする課税期間の開始日の前日までに「消費税簡易課税制度選択届出書」を提出すること。__簡易課税制度の計算方法は、売上に係る消費税額から、事業区分ごとに定められたみなし仕入率を掛けた額を仕入に係る消費税額とみなし、その差額を納税額とします。みなし仕入率は以下の通りです：__- 第1種事業（卸売業）：90%_- 第2種事業（小売業）：80%_- 第3種事業（製造業・建設業）：70%_- 第4種事業（飲食店業）：60%_- 第5種事業（サービス業）：50%_- 第6種事業（不動産業）：40%__簡易課税のメリットとしては、仕入に係る消費税の計算が不要になり、仕入先からのインボイスの保管が不要となることが挙げられます。これにより、特に仕入れの多くない事業者は、事務処理の簡素化と納税額の軽減が期待できます。__一方で、デメリットとしては、複数の事業を行っている場合には事業ごとに異なるみなし仕入率を適用する必要があり、課税売上を事業ごとに区分する手間が増えることがあります。また、仕入れや経費が多い事業者にとっては、本則課税を選択した場合の方が納税額が少なくなる可能性があるため、簡易課税が不利になることもあります。__簡易課税を選択した場合、2年間は本則課税に変更することができないため、選択には慎重な検討が必要です。具体的な選択にあたっては、税理士などの専門家に相談することをお勧めします。",2023-12-19 11:29:50
result_detail,OriginAssistant(top_k=2),5,5,4,5,回答は適切な表現を用いており、読み手に礼儀を示している。提供された情報は簡易課税のメリットとデメリットを正確に説明しており、情報の正確性も高い。補足情報として、実際の仕入税額に基づく計算や保管必要性の有無、事業ごとの売上区分の必要性、みなし仕入率の影響、制度の変更に関する制限についても述べられている。専門家に相談することを推奨するアドバイスも有益である。総合的に評価して非常によくまとめられている。,簡易課税のメリット・デメリットを教えて,簡易課税制度のメリットとデメリットについてご説明いたします。__【メリット】_1. **仕入税額の計算が不要**：_   簡易課税制度では、実際の仕入れにかかる消費税額を計算する必要がなく、売上に一定のみなし仕入率を掛けることで仕入税額を算出します。これにより、仕入税額の計算が簡単になり、事務処理が軽減されます。__2. **インボイスの保管が不要**：_   仕入れに係る消費税額を計算しないため、仕入先からのインボイスを保管する必要がありません。これにより、書類管理の手間が省けます。__【デメリット】_1. **事業ごとの売上区分が必要**：_   複数の事業を行っている場合、事業ごとに異なるみなし仕入率を適用する必要があるため、課税売上を事業ごとに正確に区分する必要があります。これにより、事務負担が増える可能性があります。__2. **低いみなし仕入率の適用**：_   事業ごとに課税売上を区分していない場合、もっとも低いみなし仕入率が適用されるため、納税額が不利になることがあります。__3. **仕入れや経費が多い場合の不利**：_   仕入れや経費が多い事業者の場合、実際の仕入税額がみなし仕入率による計算額を上回ることがあるため、本則課税を選択した方が納税額が少なくなる可能性があります。__4. **変更の制限**：_   簡易課税を選択すると、2年間は本則課税に変更することができません。そのため、事業の状況が変わった場合でも、一定期間は制度の変更ができないというリスクがあります。__以上の点を考慮し、事業の規模や性質、仕入れの状況などを総合的に判断して、簡易課税制度を選択するかどうかを決めることが重要です。選択に際しては、税理士などの専門家に相談することをお勧めします。,2023-12-19 11:30:53
result_detail,OriginAssistant(top_k=2),5,5,5,5,回答は丁寧かつ詳細で、インボイス発行事業者になるための手順が適切に解説されています。情報が正確で、補足として関連情報や準備に関する手順も説明されているため、ユーザーがそれに従ってアクションを起こすことができます。全体的に高く評価することができます。,インボイス発行事業者になるためには、どうすればよいでしょうか？,インボイス発行事業者になるためには、以下の手順で登録申請を行う必要があります。__1. **登録申請の準備**：_   インボイス発行事業者になるためには、まず税務署に「適格請求書発行事業者の登録申請書」を提出する必要があります。この申請書には、事業者の基本情報や事業の内容などが必要です。__2. **申請書の提出方法の選択**：_   申請書は、e-Tax（電子申告システム）を利用してオンラインで提出するか、紙の書類として郵送または税務署に直接提出することができます。__3. **登録申請書の提出**：_   必要事項を記入し、必要書類を添えて登録申請書を提出します。e-Taxを利用する場合は、e-Taxソフト（WEB版）やe-Taxソフト（SP版）を使用して手続きを行うことができます。__4. **登録の承認と通知**：_   提出された申請書が審査され、登録が承認されると、事業者に「登録番号通知書」が交付されます。この登録番号は、インボイスを発行する際に必ず記載する必要があります。__5. **インボイスの様式変更**：_   登録が完了したら、現在使用している請求書の様式をインボイス制度に準拠したものに変更し、必要な記載事項を含めるようにします。__6. **システムの準備**：_   必要に応じて、販売管理システムや会計ソフトなどをインボイス対応のものに入れ替えるか、改修を行います。__7. **仕入先の確認**：_   仕入先がインボイス発行事業者かどうかを確認し、仕入税額控除を受けるための準備をします。__インボイス発行事業者としての登録は、インボイス制度が開始される2023年（令和5年）10月1日以前に完了している必要があります。登録申請に関する詳細は、国税庁の公式ウェブサイトや最寄りの税務署で確認することができます。,2023-12-19 11:31:50
result_detail,OriginAssistant(top_k=2),5,5,4,5,回答は適切な表現であり、インボイスに必要な記載事項を正確にリストアップしています。また、インボイスの機能についての有用な補足情報も含まれているため、非常に高い評価です。,インボイスの記載事項について教えて,インボイスには、取引の内容を明確にし、消費税の適正な流通を確保するために、以下の記載事項が必要です。__1. **発行者の氏名または名称**：インボイスを発行する事業者の正式な名称を記載します。__2. **登録番号**：インボイス発行事業者として税務署から交付された登録番号を記載します。__3. **取引年月日**：商品やサービスが提供された日付を記載します。__4. **取引の内容**：提供された商品やサービスの内容を記載します。軽減税率の対象品目である場合は、その旨を明記します。__5. **税率ごとに区分して合計した対価の額および適用税率**：取引に対する合計金額と、それに適用される消費税率を記載します。__6. **税率ごとに区分した消費税額等**：適用される消費税率ごとに計算された消費税額を記載します。__7. **受領者の氏名または名称**：インボイスを受け取る事業者または個人の名称を記載します。__これらの事項を適切に記載することで、インボイスは取引の証拠として機能し、受領者は仕入税額控除を適切に行うことができます。また、インボイスの様式は自由ですが、上記の必要な事項が記載されている必要があります。手書きであっても、これらの事項が記載されていれば、インボイスとして有効です。,2023-12-19 11:32:23
result_detail,OriginAssistant(top_k=2),5,5,5,5,回答は非常に丁寧で適切な表現を使っており、要件を明確かつ詳細に説明している。インボイス制度に関する情報や経過措置に関する情報も正確に含まれており、回答は非常に有用な補足情報を含んでいる。全体として非常に高いクオリティの回答だ。,仕入税額控除をするための要件を教えて,仕入税額控除を行うためには、以下の要件を満たす必要があります。__1. **課税事業者であること**：_   仕入税額控除を受けるためには、まず消費税の課税事業者である必要があります。免税事業者は、仕入税額控除を受けることができません。__2. **適格な請求書（インボイス）の保持**：_   インボイス制度が導入された後は、課税事業者が仕入れに対して仕入税額控除を受けるためには、適格な請求書（インボイス）を受領し、これを保存しておく必要があります。インボイスには、発行者の名称、登録番号、取引年月日、取引の内容、税率ごとの対価の額および消費税額などが記載されている必要があります。__3. **帳簿の適切な記録**：_   仕入れに関する取引は、帳簿に適切に記録されている必要があります。これには、仕入れた商品やサービスの内容、取引日、支払った金額、支払った消費税額などが含まれます。__4. **経過措置の適用**：_   インボイス制度導入後の初期段階では、特定の経過措置が適用される場合があります。例えば、免税事業者等からの課税仕入に係る経過措置として、2026年（令和8年）9月30日までは、免税事業者からの仕入の80%が控除可能であり、その後2029年（令和11年）9月30日までは50%が控除可能です。__5. **経過措置を受けるための要件**：_   経過措置を受けるためには、区分記載請求書等と同様の事項が記載された請求書等の保持と、経過措置を受けることを記載した帳簿の保存が必要です。__これらの要件を満たすことで、課税事業者は仕入れに係る消費税額を売上に係る消費税額から差し引くことができ、その差額を納付することになります。仕入税額控除の適用には正確な記録と適切な文書の管理が不可欠です。,2023-12-19 11:33:26
result_detail,OriginAssistant(top_k=2),5,5,4,5,回答は非常に適切かつ正確で、適格請求書等保存方式の概要を丁寧に説明しています。有用な補足情報も含まれており、ユーザーが制度を理解するのに役立つ内容が提供されています。一部、より詳細な事例や具体的な対応策についての補足があればさらに有用となりますが、全体的に高い品質の回答です。,「適格請求書等保存方式」の概要を教えてください,「適格請求書等保存方式」とは、2023年10月1日から導入される消費税の仕入税額控除の新しい方式です。この方式は、インボイス制度とも呼ばれており、課税事業者が仕入税額控除を行うためには、適格な請求書（インボイス）を受領し、これを保存する必要があります。__以下に、適格請求書等保存方式の主な概要を説明します。__1. **インボイスの発行義務**：_   課税事業者は、取引に関して適格な請求書（インボイス）を発行する義務があります。インボイスには、発行者の名称、登録番号、取引年月日、取引の内容、税率ごとの対価の額および消費税額などが記載されている必要があります。__2. **適格請求書発行事業者の登録**：_   インボイスを発行するためには、事業者は税務署に登録申請を行い、「適格請求書発行事業者」として登録を受ける必要があります。登録を受けた事業者には登録番号が交付されます。__3. **仕入税額控除の要件**：_   課税事業者が仕入税額控除を受けるためには、適格な請求書（インボイス）を受領し、これを保存する必要があります。また、帳簿に適切に記録されている必要があります。__4. **経過措置**：_   インボイス制度導入後も、一定期間は経過措置が設けられており、免税事業者等からの課税仕入についても、限定的に仕入税額控除が認められます。__5. **文書の保存**：_   課税事業者は、受領したインボイスを保存する義務があります。これにより、税務調査等で仕入税額控除の適正を証明することができます。__この方式の導入により、消費税の適正な課税と納税が確保され、取引の透明性が向上することが期待されています。課税事業者は、新しい制度に適切に対応するために、必要な準備を行うことが求められます。,2023-12-19 11:37:40
result_detail,OriginAssistant(top_k=2),5,5,5,5,回答は適切、丁寧で完全に正確であり、適格請求書発行事業者の登録手続きについてのステップを詳細に説明しています。また、有用な補足情報も提供し、公式ウェブサイトへの参照や問い合わせ先の提案を含めており、非常に有益です。,適格請求書発行事業者の登録は、どのような手続で行うのですか。,適格請求書発行事業者の登録手続きは、以下のステップで行います。__1. **登録申請書の準備**：_   「適格請求書発行事業者の登録申請書」を用意します。この申請書には、事業者の基本情報や事業内容などが必要です。__2. **申請書の提出方法の選択**：_   申請書は、e-Tax（電子申告システム）を利用してオンラインで提出するか、紙の書類として郵送または税務署に直接提出することができます。__3. **登録申請書の提出**：_   必要事項を記入し、必要書類を添えて登録申請書を提出します。e-Taxを利用する場合は、e-Taxソフト（WEB版）やe-Taxソフト（SP版）を使用して手続きを行うことができます。__4. **登録の承認と通知**：_   提出された申請書が審査され、登録が承認されると、事業者に「登録番号通知書」が交付されます。この登録番号は、インボイスを発行する際に必ず記載する必要があります。__5. **登録情報の公表**：_   登録が完了すると、事業者の情報は国税庁が公開する適格請求書発行事業者公表サイトに掲載されます。これにより、取引先などが登録されている事業者を検索できるようになります。__登録申請に関する詳細は、国税庁の公式ウェブサイトで確認することができます。また、登録申請について不明点がある場合は、最寄りの税務署に問い合わせるか、税理士などの専門家に相談することをお勧めします。,2023-12-19 11:38:50
result_detail,OriginAssistant(top_k=2),5,5,5,5,回答が適切かつ丁寧に構成されており、仕入税額控除の要件に関する正確な情報が提供されています。また、具体的な手順や推奨事項を含む有用な補足情報が提供されているため、総合的に高い評価です。,適格請求書等保存方式の下での仕入税額控除の要件を教えてください。,適格請求書等保存方式の下で仕入税額控除を受けるためには、以下の要件を満たす必要があります。__1. **適格請求書の受領**：_   課税事業者は、取引に関して適格請求書発行事業者から適格な請求書（インボイス）を受領し、これを保存する必要があります。適格な請求書には、発行者の名称、登録番号、取引年月日、取引の内容、税率ごとの対価の額および消費税額などが記載されている必要があります。__2. **帳簿への記載**：_   受領した適格請求書に基づく取引の内容を、帳簿に適切に記録する必要があります。これには、取引の日付、内容、取引相手方の名称、支払った対価の額、支払った消費税額などが含まれます。__3. **請求書等の保存**：_   受領した適格請求書は、法定の保存期間内において保存する必要があります。これにより、税務調査等で仕入税額控除の適正を証明することができます。__4. **仕入先の確認**：_   新しく取引を始める仕入先については、記載された登録番号が有効であるかどうかを、国税庁の「適格請求書発行事業者公表サイト」で確認することが推奨されます。__5. **修正インボイスの取り扱い**：_   内容が間違っている場合は、受領者が自分で追記や修正を行うことはできません。そのため、修正インボイスの発行を仕入先に依頼し、正しい情報に基づいて仕入税額控除を行う必要があります。__これらの要件を満たすことで、課税事業者は仕入れに係る消費税額を売上に係る消費税額から差し引くことができます。適格請求書等保存方式は、消費税の適正な流通を確保し、取引の透明性を向上させることを目的としています。課税事業者は、新しい制度に適切に対応するために、必要な準備を行うことが求められます。,2023-12-19 11:39:50
result_detail,OriginAssistant(top_k=2),5,5,4,5,回答は適切で丁寧な文章で、正確な情報が提供されている。さらに、適格請求書に必要な事項のリストとその重要性についての補足情報が含まれており、有用である。国税庁のウェブサイトや税理士に相談することを推奨するアドバイスも役立つため、総合評価は高い。,適格請求書の様式は、法令又は通達等で定められていますか,適格請求書（インボイス）の具体的な様式は、法令や通達で厳密に定められているわけではありません。しかし、適格請求書には、消費税法に基づき記載が必要な事項があります。これらの記載事項を含むことが、適格請求書としての要件を満たすために必要です。__適格請求書に記載が必要な事項は以下の通りです：__1. 発行者の名称または氏名_2. 発行者の適格請求書発行事業者としての登録番号_3. 取引の年月日_4. 取引の内容（提供された商品やサービスの内容）_5. 取引に対する対価の額およびその消費税額（税率ごとに区分して記載）_6. 受領者の名称または氏名（任意）__これらの事項を適切に記載した文書が適格請求書として機能します。様式は自由であるため、事業者は自身の取引の実態に合わせて、適切なフォーマットを作成することができます。ただし、記載事項が不足していると、その文書は適格請求書としての要件を満たさないため、取引先が仕入税額控除を受ける際に問題が生じる可能性があります。__適格請求書の作成にあたっては、国税庁のウェブサイトや関連する通達、ガイドラインなどを参照することが推奨されます。また、必要に応じて税理士などの専門家に相談することも有効です。,2023-12-19 11:40:41
result_detail,OriginAssistant(top_k=2),5,5,5,5,回答は丁寧でわかりやすい文章で表現されており、インボイス制度における登録番号の重要性と構成の詳細を適切に説明しています。法人番号を有する事業者と個人事業主の両方について触れており、補足情報も豊富で有益であるため、全ての評価点数を最高点にします。,登録番号は、どのような構成ですか,登録番号は、適格請求書発行事業者として税務署から交付される番号であり、インボイス制度において非常に重要な役割を果たします。この登録番号は、インボイスを発行する際に必ず記載しなければならないものです。__登録番号の構成は、法人番号を有する事業者の場合、以下のようになります：__- 法人番号（13桁の数字）_- その後に続く2桁の連番（例：01、02など）__つまり、登録番号は法人番号に連番を加えた15桁の数字で構成されます。これにより、各事業者が発行するインボイスが適格であることを確認することができ、取引先はそのインボイスに基づいて仕入税額控除を行うことが可能になります。__なお、個人事業主など法人番号を有していない事業者については、国税庁が別途定める方法により登録番号が交付されます。個人事業主の登録番号もインボイスに記載する必要があります。__登録番号は、インボイス発行事業者としての登録が承認された後に交付されるため、事業者は登録申請を行い、承認を受ける必要があります。また、登録番号は国税庁の公表サイトで確認することができるため、取引先はこの番号を基に事業者の登録状況を検索できます。,2023-12-19 11:41:26
result_detail,OriginAssistant(top_k=2),3,1,1,1,回答は丁寧ですが、ユーザの質問に対する回答をほとんど提供していません。適格請求書の交付義務の免除に関する情報は重要で、回答がこの質問に対して情報を提供していないため評価が低いです。有用な情報や適切な方針につなげるための努力が見られないため、総合評価は低いです。,３万円未満の自動販売機や自動サービス機による商品の販売等は、適格請求書の交付義務 が免除されるそうですが、具体的にはどのようなものが該当しますか。,申し訳ありませんが、その件についての情報は提供できません。他にお手伝いできることがあれば、お知らせください。,2023-12-19 11:41:49
